{
    "thickness": [
        [
            -0.5017136931419373
        ]
    ],
    "intensity": [
        [
            -0.5698428153991699
        ]
    ],
    "slant": [
        [
            -0.3182205557823181
        ]
    ],
    "digit": [
        [
            0.0,
            0.0,
            0.0,
            0.0,
            0.0,
            0.0,
            0.0,
            0.0,
            1.0,
            0.0
        ]
    ]
}