{
    "thickness": [
        [
            -0.6369829773902893
        ]
    ],
    "intensity": [
        [
            -0.3360535502433777
        ]
    ],
    "slant": [
        [
            0.684485673904419
        ]
    ],
    "digit": [
        [
            0.0,
            0.0,
            0.0,
            0.0,
            0.0,
            0.0,
            0.0,
            1.0,
            0.0,
            0.0
        ]
    ]
}