{
    "thickness": [
        [
            -0.5476257801055908
        ]
    ],
    "intensity": [
        [
            -0.3160308003425598
        ]
    ],
    "slant": [
        [
            -0.40570396184921265
        ]
    ],
    "digit": [
        [
            0.0,
            0.0,
            0.0,
            0.0,
            0.0,
            0.0,
            1.0,
            0.0,
            0.0,
            0.0
        ]
    ]
}