{
    "thickness": [
        [
            0.1599428653717041
        ]
    ],
    "intensity": [
        [
            0.9274767637252808
        ]
    ],
    "slant": [
        [
            0.03047621250152588
        ]
    ],
    "digit": [
        [
            0.0,
            0.0,
            0.0,
            0.0,
            0.0,
            1.0,
            0.0,
            0.0,
            0.0,
            0.0
        ]
    ]
}