{
    "thickness": [
        [
            -0.5962163209915161
        ]
    ],
    "intensity": [
        [
            -0.4516984820365906
        ]
    ],
    "slant": [
        [
            0.19314801692962646
        ]
    ],
    "digit": [
        [
            0.0,
            0.0,
            1.0,
            0.0,
            0.0,
            0.0,
            0.0,
            0.0,
            0.0,
            0.0
        ]
    ]
}