{
    "thickness": [
        [
            -0.6908074617385864
        ]
    ],
    "intensity": [
        [
            -0.2892524003982544
        ]
    ],
    "slant": [
        [
            0.25764012336730957
        ]
    ],
    "digit": [
        [
            0.0,
            0.0,
            0.0,
            1.0,
            0.0,
            0.0,
            0.0,
            0.0,
            0.0,
            0.0
        ]
    ]
}