{
    "thickness": [
        [
            -0.6356092095375061
        ]
    ],
    "intensity": [
        [
            -0.5208484530448914
        ]
    ],
    "slant": [
        [
            0.2486095428466797
        ]
    ],
    "digit": [
        [
            0.0,
            0.0,
            0.0,
            0.0,
            0.0,
            0.0,
            0.0,
            0.0,
            0.0,
            1.0
        ]
    ]
}