{
    "thickness": [
        [
            -0.21473586559295654
        ]
    ],
    "intensity": [
        [
            0.6717708110809326
        ]
    ],
    "slant": [
        [
            -0.07113921642303467
        ]
    ],
    "digit": [
        [
            0.0,
            1.0,
            0.0,
            0.0,
            0.0,
            0.0,
            0.0,
            0.0,
            0.0,
            0.0
        ]
    ]
}