{
    "thickness": [
        [
            -0.5929776430130005
        ]
    ],
    "intensity": [
        [
            -0.41123443841934204
        ]
    ],
    "slant": [
        [
            -0.0716925859451294
        ]
    ],
    "digit": [
        [
            0.0,
            0.0,
            0.0,
            0.0,
            1.0,
            0.0,
            0.0,
            0.0,
            0.0,
            0.0
        ]
    ]
}