{
    "thickness": [
        [
            -0.8572465777397156
        ]
    ],
    "intensity": [
        [
            -0.5944771766662598
        ]
    ],
    "slant": [
        [
            0.2339712381362915
        ]
    ],
    "digit": [
        [
            1.0,
            0.0,
            0.0,
            0.0,
            0.0,
            0.0,
            0.0,
            0.0,
            0.0,
            0.0
        ]
    ]
}